{
  "noise_levels": [
    0.0,
    0.02,
    0.05,
    0.1
  ],
  "results": {
    "depolarizing": {
      "depth6": [
        1.0000000555145154,
        0.4653390522532976,
        0.18235025149051823,
        0.08329081721727018
      ],
      "depth2": [
        1.0000000555145154,
        0.657094655810959,
        0.3631027803261112,
        0.16012945399481224
      ]
    },
    "amplitude_damping": {
      "depth6": [
        1.0000000555145154,
        0.7428762893591752,
        0.48267113344233553,
        0.2513644481495233
      ],
      "depth2": [
        1.0000000555145154,
        0.8521897350549409,
        0.6709211272135546,
        0.45291608916725046
      ]
    },
    "phase_damping": {
      "depth6": [
        1.0000000555145154,
        0.7428762837263272,
        0.48267113263472805,
        0.25136445435343974
      ],
      "depth2": [
        1.0000000555145154,
        0.852189739091645,
        0.6709211321675674,
        0.45291609717296877
      ]
    }
  },
  "seed": 42
}