{
  "seed": 123,
  "noise_levels": [
    0.0,
    0.02,
    0.05,
    0.1
  ],
  "results": {
    "depth6": [
      0.9259259259259259,
      0.8888888888888888,
      0.8611111111111112,
      0.7962962962962963
    ],
    "depth2": [
      0.8703703703703703,
      0.8703703703703703,
      0.8703703703703703,
      0.8703703703703703
    ]
  },
  "ideal_acc": {
    "depth6": 0.9259259259259259,
    "depth2": 0.8703703703703703
  }
}