{
  "noise_levels": [
    0.0,
    0.02,
    0.05,
    0.1
  ],
  "results": {
    "depth6": [
      0.9074074074074074,
      0.8425925925925926,
      0.6666666666666666,
      0.5277777777777778
    ],
    "depth2": [
      0.8703703703703703,
      0.8703703703703703,
      0.8703703703703703,
      0.8703703703703703
    ]
  }
}