{
  "seed": 42,
  "noise_levels": [
    0.0,
    0.02,
    0.05,
    0.1
  ],
  "results": {
    "depth6": [
      0.6296296296296297,
      0.6388888888888888,
      0.6666666666666666,
      0.6018518518518519
    ],
    "depth2": [
      0.6296296296296297,
      0.6296296296296297,
      0.6111111111111112,
      0.5648148148148148
    ]
  },
  "ideal_acc": {
    "depth6": 0.6296296296296297,
    "depth2": 0.6296296296296297
  }
}