{
  "seed": 42,
  "noise_levels": [
    0.0,
    0.05,
    0.1,
    0.15,
    0.2
  ],
  "depth6_acc": [
    0.105,
    0.11,
    0.14,
    0.14,
    0.14
  ],
  "depth2_acc": [
    0.105,
    0.14,
    0.14,
    0.14,
    0.14
  ],
  "depth6_conf": [
    0.11537330344070862,
    0.14240570297174407,
    0.15071987166958645,
    0.15366911918054374,
    0.15467276329301557
  ],
  "depth2_conf": [
    0.11532126667440108,
    0.18234772364064597,
    0.21083151735184963,
    0.21652638073291328,
    0.2165476374399156
  ]
}