{
  "seed": 456,
  "noise_levels": [
    0.0,
    0.05,
    0.1,
    0.15,
    0.2
  ],
  "results": {
    "depth6": [
      0.9259259259259259,
      0.9722222222222222,
      0.7222222222222222,
      0.6666666666666666,
      0.6481481481481481
    ],
    "depth2": [
      0.8611111111111112,
      0.8611111111111112,
      0.8611111111111112,
      0.8611111111111112,
      0.8611111111111112
    ]
  },
  "ideal_acc": {
    "depth6": 0.9259259259259259,
    "depth2": 0.8611111111111112
  }
}